{"Generated Images": {"_type": "images/separated", "width": 400, "height": 400, "format": "png", "count": 1, "filenames": ["media/images/Generated Images_18_e4f981a805d18d3feb38.png"], "captions": ["Epoch 10"]}, "_timestamp": 1709184001.1164296, "_runtime": 2525.2256705760956, "_step": 19, "Generator Loss": 0.9096553325653076, "Discriminator Loss": 1.2720627784729004, "Epoch": 10, "Time": 233.80395984649658, "_wandb": {"runtime": 2524}}