{"Generated Images": {"_type": "images/separated", "width": 400, "height": 400, "format": "png", "count": 1, "filenames": ["media/images/Generated Images_38_2a62e336b376c249ac39.png"], "captions": ["Epoch 20"]}, "_timestamp": 1709194032.5467002, "_runtime": 5235.062153339386, "_step": 39, "Generator Loss": 1.209911584854126, "Discriminator Loss": 1.0348021984100342, "Epoch": 20, "Time": 202.8156397342682, "_wandb": {"runtime": 5234}}